,Alfalfa & Hay_acres,Alfalfa & Hay_percentage,Almonds_acres,Almonds_percentage,Barren_acres,Barren_percentage,Corn_acres,Corn_percentage,Cotton_acres,Cotton_percentage,Deciduous Forest_acres,Deciduous Forest_percentage,Evergreen Forest_acres,Evergreen Forest_percentage,Fallow_acres,Fallow_percentage,Fruit Trees_acres,Fruit Trees_percentage,Grain Crops_acres,Grain Crops_percentage,Grapes_acres,Grapes_percentage,Grassland_acres,Grassland_percentage,High Intensity Developed_acres,High Intensity Developed_percentage,Low Intensity Developed_acres,Low Intensity Developed_percentage,Mixed Forest_acres,Mixed Forest_percentage,Other Tree Crops_acres,Other Tree Crops_percentage,Rice_acres,Rice_percentage,Shrubland_acres,Shrubland_percentage,Tomatoes_acres,Tomatoes_percentage,Vegs & Fruits_acres,Vegs & Fruits_percentage,Walnuts_acres,Walnuts_percentage,Water_acres,Water_percentage,Wetlands_acres,Wetlands_percentage,Winter Wheat_acres,Winter Wheat_percentage,county,min_elevation,max_elevation,year
2,1102.8568050000001,0.30007352073557,4.225505,0.00114970697599835,194.595625,0.0529470317893979,4.670294999999999,0.0012707287629455499,,,5.33748,0.00145226144336634,7838.756565000001,2.13282746226389,1536.74945,0.41813027390255897,1.7791599999999999,0.00048408714778878096,991.214515,0.269697052211824,3722.44751,1.01283133496108,153671.38668,41.8120592159604,28431.421589999998,7.73583364345166,39470.886995,10.7395338845876,74885.956375,20.3755306048971,8.673405,0.00235992484547031,0.8895799999999999,0.00024204357389439002,30958.051185000004,8.4232979042052,4.670294999999999,0.0012707287629455499,164.12751,0.044657039383515,4.670294999999999,0.0012707287629455499,19403.518959999998,5.27945443378444,4497.494085,1.22371179871656,624.48516,0.16991458887386202,Alameda,-42,1242,2013
2,189.03575,0.040080046926662,,,15482.472715,3.28265014928639,,,,,194.595625,0.0412588718362697,195088.00753,41.3632685702646,0.44478999999999996,9.43059927686165e-05,0.22239499999999998,4.71529963843082e-05,,,,,5644.82989,1.19683735422651,121.42766999999999,0.025745536025832298,3192.480225,0.676881263096745,0.667185,0.000141458989152925,,,,,247783.39080500003,52.5359352985445,,,,,,,2650.50361,0.5619694109081861,1297.45243,0.275090580906054,,,Alpine,1442,3556,2013
2,1326.80857,0.41429030737063205,16.679625,0.00520814164478669,1873.0106899999998,0.5848395857652461,242.632945,0.07576110045949701,,,17190.911105000003,5.36778854667155,114386.866695,35.7168104229497,168.13062,0.052498067779449806,12.00933,0.00374986198424641,120.0933,0.0374986198424641,2587.34343,0.8078869319393099,112912.61024000001,35.256480143439205,440.11970499999995,0.137425497533771,8263.975805,2.5803911383817097,1727.1195699999998,0.539285706845512,1.33437,0.000416651331582935,1.111975,0.00034720944298577904,52457.865415,16.379744356631303,,,1.7791599999999999,0.000555535108777246,122.09485500000001,0.0381235968398385,5822.74589,1.8181275272507302,105.86001999999999,0.0330543389722462,479.48362000000003,0.149716711815468,Amador,43,3121,2013
2,3777.1566799999996,0.37486472843827,46196.556585000006,4.5847872106325305,1869.45237,0.185534203206082,2023.3497100000002,0.20080777786925197,9.118195,0.000904937227153149,33181.556395,3.2931107128896797,408193.790775,40.5112807046857,56434.51041,5.600855143608021,10563.31771,1.04835874183708,2628.041715,0.260820566177287,247.52563500000002,0.024565734971255002,170758.216925,16.9469360260145,4421.65739,0.438828340250217,25520.048645,2.53274272568417,165.684275,0.0164433715665633,790.39183,0.0784426074463974,105624.2813,10.4827045527833,55372.12949500001,5.4954189208248305,94.29548,0.00935837522714476,469.475845,0.046593231378543896,42057.340845,4.17398985278437,21360.372565,2.1199147769848397,11589.89303,1.15024143063071,4257.08509,0.422495326882087,Butte,-1,2192,2013
2,31.802484999999997,0.00501066079403206,28.466559999999998,0.004485067004448279,218.39189,0.0344088734247516,0.8895799999999999,0.00014015834388900902,,,34882.878145,5.49599409933372,255438.00431,40.245697576837394,28.688955,0.00452010659042053,12.231725,0.0019271772284738698,2.22395,0.00035039585972252194,522.18346,0.0822729478628481,207502.763615,32.6932301767922,465.02794500000005,0.0732677742679792,12257.745215,1.93127686003262,3351.270255,0.528011521015868,0.8895799999999999,0.00014015834388900902,,,106091.088405,16.7152490526172,,,0.667185,0.000105118757916756,425.66402999999997,0.0670657675508906,13178.68291,2.07637578554372,245.07929,0.0386136237414219,11.786935,0.0018570980565293601,Calaveras,787,3522,2013
2,14434.547475,1.9920208676500801,47220.463165,6.5165983324172005,1393.304675,0.19228119152342302,6561.542079999999,0.9055170430498101,384.74335,0.0530960034055101,736.794635,0.10168038108812401,30466.335839999996,4.20446687776165,42188.109105,5.8221148844057,1845.656105,0.254707359689207,14280.87253,1.9708131576193202,3025.683975,0.41755556435373703,145568.20246,20.0889496168034,1059.2673849999999,0.14618281168811803,17545.408735,2.4213312119485,5631.48619,0.777165894933137,316.023295,0.0436123819879942,151959.83476,20.9710184826267,169887.98529,23.445169475997698,15801.387144999999,2.18064979073116,4267.76005,0.588966650492335,18293.990305000003,2.52463823360339,2525.07283,0.348469377263678,17745.564234999998,2.44895341025195,11478.250740000001,1.5840409987082,Colusa,-9,1022,2013
2,8448.34126,4.58224470643864,62.49299499999999,0.0338951974968216,87.401235,0.047405027104095596,9973.303775,5.40935989944827,,,76.281485,0.041373853172276896,1767.15067,0.9584741612446409,7048.809525,3.8231611553799296,70.054425,0.0379963957704583,2021.1257600000001,1.09622617384738,3812.7398799999996,2.06796891774203,79586.71949,43.166559311770705,10424.765625,5.65422556108011,20820.17511,11.2925288229802,27290.09045,14.8017070634697,0.44478999999999996,0.000241246957272751,32.024879999999996,0.0173697809236381,4020.45681,2.1806312467883995,799.954815,0.43388265265504294,181.91911000000002,0.0986700055245553,366.729355,0.198908116271384,1559.656135,0.8459324556769029,4314.01821,2.33985423858842,1606.58148,0.8713840096691781,Contra Costa,-30,680,2013
2,,,,,637.161675,0.10085673661395199,,,,,8063.15312,1.27632176009615,456184.852615,72.20979750149878,,,,,,,,,17751.12411,2.80983699932023,599.7993150000001,0.0949426243098882,23946.826415,3.7905587533614495,45761.77436,7.243661074896949,,,,,70778.54312,11.203581699061099,,,,,,,3009.671535,0.476402867922031,5016.34162,0.7940399829194801,,,Del Norte,120,2215,2013
2,5.115085,0.00048782463934382103,,,11353.931934999999,1.08282223097479,,,,,18984.749175,1.8105717538080501,676392.8201850001,64.50744876409631,10.23017,0.0009756492786876421,1.556765,0.00014846836849594498,1.33437,0.000127258601567953,1160.9019,0.11071498336411902,92693.79121,8.840188436053301,1770.7089899999999,0.168872164280674,24689.625715000002,2.35464469504491,6739.90287,0.642783196519732,,,,,201075.32572,19.176513831207203,,,,,0.44478999999999996,4.24195338559844e-05,13086.833775,1.2480887348777,573.7791,0.05472119867421991,8.8958,0.000848390677119688,El Dorado,145,3299,2013
2,85527.33473,2.44731754653765,211666.22040999998,6.05671224122688,245663.96645500002,7.02953900709446,8283.76896,0.23703548334893804,63645.223495000006,1.8211729934569,1122.20517,0.032111282457547796,815223.7885149999,23.327179413295198,124984.21084000001,3.5763543105196702,100861.46998,2.88609537559987,48255.934285,1.3808169642263401,183566.389765,5.25265107400658,596221.201845,17.0605410948369,13928.59885,0.398559179610825,80798.32745,2.3119996095227298,21176.89669,0.605965227541146,52477.65857,1.5016192779187,2531.077495,0.072425387564279,552785.9015800001,15.817663916292302,114893.927295,3.2876264079470503,50083.79879,1.43312029964421,16385.61881,0.46886545162647797,25313.221295,0.7243238764567091,7421.32115,0.21235701458747,71919.87426,2.05794756468123,Fresno,47,4153,2013
2,18760.352619999998,2.3276444616625502,45937.688805,5.69960539092126,4495.04774,0.557711957171077,11214.49027,1.39141020939584,1514.50995,0.187909085114538,7657.504640000001,0.9500859939300671,95147.920035,11.8052434084887,37100.156295,4.603110350644981,9171.5698,1.13793989282284,11045.02528,1.37038425890285,1075.9470099999999,0.13349547045288299,229011.918435,28.414088711299602,1506.281335,0.18688814001186,25552.073525,3.1703104749243503,12277.093579999999,1.52325009319573,1850.9935850000002,0.229657461880807,83036.733125,10.302577776011802,154824.28235999998,19.209440817329998,95.852245,0.0118926307906558,1766.038695,0.219116893523428,28655.150960000003,3.5553171510775297,4332.476995,0.537541393115464,8786.38166,1.09014862477315,11164.67379,1.38522935255801,Glenn,2,1756,2013
2,2065.60476,0.108404462090126,,,4432.999535,0.23264708686934601,,,,,48653.35415,2.5533639288820997,1434369.02217,75.276744756862,0.667185,3.50143611402217e-05,,,,,4.4479,0.000233429074268144,111236.19673,5.83775768964974,753.0294700000001,0.0395195422735969,30830.396455000002,1.61800195683593,88688.01247,4.65441234055481,,,,,175240.81054500001,9.196767054007198,,,,,,,5254.74906,0.275773108340386,3931.721205,0.20633963019932602,,,Humboldt,27,2709,2013
2,203684.01907,7.3061784531929295,524.8522,0.0188265326472817,731884.1534,26.252802042200194,2526.184805,0.0906146543815564,5343.26227,0.191663675162538,135.66095,0.0048661800486618,178.36078999999998,0.00639783016233896,61178.19576,2.19447170037095,39554.72991,1.41883450999162,60265.264285000005,2.1617247018467602,87.62363,0.0031430736707750003,546.6469099999999,0.0196083123928044,5138.21408,0.18430856367915102,45262.27519,1.62356507518647,94.07308499999999,0.00337441665669499,486.15547000000004,0.0174384747317618,,,1339610.738175,48.052052171832,,,75050.528675,2.69207450839616,,,197017.95134,7.0670655338837705,19263.632505,0.6909895895656339,,,Imperial,-81,799,2013
2,1782.71832,0.027322542201670602,,,385049.81031,5.9014032525005105,2.22395,3.40850077366151e-05,,,431.4463,0.00661249150090332,325108.353145,4.98272026447785,349.382545,0.005354754715422229,3.335925,5.11275116049226e-05,0.44478999999999996,6.81700154732301e-06,0.22239499999999998,3.4085007736615097e-06,24425.64285,0.374355639971243,836.427595,0.0128193714097409,27099.72033,0.415339453273749,144.55675,0.00221552550287998,0.667185,1.0225502320984498e-05,,,5726775.998044999,87.7705003256482,,,,,,,6223.2792850000005,0.0953800771493699,26477.90391,0.405809285110592,4.0031099999999995,6.135301392590709e-05,Inyo,-96,3345,2013
2,80808.11283,1.7638650719968,203177.40326,4.43492011480652,216167.49521,4.71846552466944,10907.58517,0.238088823354511,46395.822505000004,1.01271973737705,19720.65423,0.43045892268763797,270503.264005,5.904496993307,257530.074075,5.62132051772159,40376.924225,0.88134029939502,42232.8105,0.921850253945716,68207.434525,1.48881971371186,1120227.411265,24.452124102694796,17260.07595,0.37674985891904705,166012.53002,3.62369189133429,5060.153435,0.110452126529894,64039.307435,1.39783857911759,3.7807150000000003,8.252477260177551e-05,1862557.457815,40.65557193915011,9869.222915,0.215423637279352,27147.75765,0.592576411264631,2212.607855,0.048296409565592,6687.195255,0.14596690513898697,6792.610484999999,0.148267889975061,37411.509294999996,0.8166117512848992,Kern,58,2689,2013
2,69618.97559,8.11986108340728,34154.08973,3.9834895829415498,4751.024385,0.554125619964189,13503.157215000001,1.5749120098940101,101659.86803,11.856882396868901,,,15.122860000000001,0.0017638225978357399,210237.332535,24.5205839394096,5202.486235,0.606780912223109,69703.0409,8.12966586196584,8686.526305,1.01313451248332,139265.305765,16.242912610631198,8199.481255,0.9563290494059679,26610.45133,3.1036533694328994,1914.82095,0.223331067167143,26594.216495,3.10175985399699,1.7791599999999999,0.00020750854092185198,18248.39933,2.1283632271001998,18928.260844999997,2.20765742829996,7140.2138700000005,0.8327836518546209,18896.45836,2.20394821313098,9862.995855,1.1503495351678998,375.625155,0.0438102407021259,63821.582729999995,7.443694502813431,Kings,46,524,2013
2,578.894185,0.07386488429915761,8.45101,0.00107831947881982,1284.99831,0.163961314437393,1.111975,0.00014188414194997602,,,11062.149695,1.41149182094675,206631.420005,26.365450416884002,8.45101,0.00107831947881982,,,72.94556,0.00930759971191844,10753.910225,1.37216153679822,63825.808235000004,8.143951110129901,307.572285,0.0392451536633634,26917.134035000003,3.43453267052629,48891.983985,6.23844708374172,,,,,407379.60268,51.980220215539,,,,,25.130635,0.0032065816080694602,4886.685335,0.623524050213365,1072.38869,0.136833066496557,11.786935,0.0015039719046697501,Lake,18,2140,2013
2,55303.187045000006,1.9180609389737102,3.7807150000000003,0.000131125205442344,16051.136730000002,0.556695916329161,40.253495,0.00139609777559201,36.695175,0.00127268581752863,94.07308499999999,0.0032627036413006797,881507.5062899999,30.5730140624841,5382.40379,0.18667601306562398,2.22395,7.713247378961409e-05,6254.19219,0.21691194279115303,0.22239499999999998,7.71324737896141e-06,92182.50510499999,3.1971333253321204,959.634425,0.0332826624402185,22721.20757,0.7880316317189708,1446.90187,0.050182387447522896,13.566095,0.000470508090116646,0.22239499999999998,7.71324737896141e-06,1753138.4506299999,60.8034828088685,10.23017,0.00035480937943222504,1850.1040050000001,0.06416650494558,5.115085,0.00017740468971611198,19914.360275,0.690682736549099,21931.26053,0.7606341770289,4437.0026450000005,0.153886998457659,Lassen,1145,2666,2013
2,1558.7665550000002,0.0669875263090188,23.351475,0.0010035226512265598,83630.75017,3.59400646574423,0.667185,2.8672075749330395e-05,27.799375,0.00119466982288877,58.045094999999996,0.0024944705901917396,112711.56515999998,4.84374578878887,5549.20004,0.23847521136576397,2.22395,9.557358583110121e-05,368.508515,0.015836543172213502,6.894245,0.00029627811607641397,216498.41896999997,9.30395477763754,348959.54971,14.9964322380409,370012.12759499997,15.901160473593901,33782.022895,1.45177232613301,198.153945,0.00851560649755112,,,1143530.4041549999,49.142876967549505,2.66874,0.00011468830299732098,120.760485,0.0051896457106288,,,7740.457975,0.332643865485148,2034.91425,0.0874498310354576,133.214605,0.00572485779128296,Los Angeles,69,3032,2013
2,32203.240789999996,2.44055032975627,117987.441745,8.94177985798485,54506.56815499999,4.1308271969284505,2046.7011850000001,0.15511101148290002,2212.607855,0.167684391311896,13121.74979,0.994443105456274,426041.434315,32.2879169145667,20936.71009,1.5867066003502301,1555.43063,0.11787964949596899,16633.144444999998,1.26055717264127,112188.71451500001,8.50231832224595,303470.65401500004,22.998784798008497,2242.853575,0.16997658924318698,26518.82459,2.0097519538459196,78.50543499999999,0.005949601983425389,13922.149394999999,1.0551020786527299,9.340589999999999,0.0007078846552517461,142921.034775,10.831393673196601,4001.7756299999996,0.303278011585712,961.413585,0.072861556301269,744.13367,0.0563948108683891,8699.425215000001,0.659293429987679,1032.1351949999998,0.07822125440531791,15471.352965,1.1725098050452,Madera,61,3959,2013
2,5.33748,0.00179720893452468,,,253.08551,0.0852176569787121,0.44478999999999996,0.00014976741121039,,,5512.28247,1.85606752713037,70883.95835,23.867683487543804,64.93934,0.021866042036717,,,2829.531585,0.952745386414898,1250.527085,0.4210710766180121,121042.25946500001,40.7567297986227,3516.732135,1.18413603673495,17178.23459,5.78416718835648,23425.31014,7.88765047880641,,,,,42625.11528,14.3525105511141,,,,,,,3552.9825200000005,1.1963420807485998,4846.43184,1.63186571254841,,,Marin,-53,577,2013
2,4.670294999999999,0.000526433346393894,58.26749,0.00656788270262858,19395.512740000002,2.18625261931925,0.22239499999999998,2.5068254590185398e-05,,,23163.996015,2.61103419334994,379112.086205,42.7333271665427,13.121305,0.00147902702082094,0.22239499999999998,2.5068254590185398e-05,4.89269,0.000551501600984079,28.466559999999998,0.00320873658754373,229639.29473000002,25.8848279152061,176.13683999999998,0.0198540576354269,8642.492095,0.974177441629196,679.19433,0.0765584495184263,6.67185,0.000752047637705563,,,219476.73281,24.739308953453,,,4.4479,0.000501365091803708,0.22239499999999998,2.5068254590185398e-05,6368.5032200000005,0.71785453844455,380.29545,0.0428667153492171,2.446345,0.00027575080049203996,Mariposa,269,3952,2013
2,5976.865625,0.26979377816898004,3.5583199999999997,0.000160621412119207,1689.7572100000002,0.0762750930801083,,,,,39866.305305,1.79955210719231,1242562.4528649999,56.0888666071297,7.339035000000001,0.000331281662495864,0.667185,3.01165147723513e-05,176.804025,0.00798087641467309,17075.93289,0.7708020790835579,197587.504935,8.919035966346602,1571.220675,0.0709243922888872,95384.993105,4.30564768978223,107390.319995,4.84756425659592,,,0.44478999999999996,2.0077676514900802e-05,500201.9382,22.578953455127202,,,,,10.452565,0.00047182539810017,4081.39304,0.18423275970073,1752.02781,0.0790859677921944,6.004665,0.000271048632951161,Mendocino,7,2252,2013
2,117482.160305,9.7322977448352,129201.042435,10.7030974801286,6547.5311950000005,0.5424016967163701,33730.64965,2.79426871848687,39887.210435,3.3042821748979696,201.48987,0.0166915504644894,320.91598500000003,0.0265848866669516,30481.01391,2.52506680304855,2628.041715,0.21770866648882,65542.25284500001,5.42956239397365,15494.704440000001,1.2835912847261601,462364.54248,38.302576173161796,4733.0103899999995,0.392085625811548,42937.580255,3.55697677332064,18330.463085,1.5185073553362098,4119.20019,0.34123719393297197,2610.47251,0.21625322224302002,38974.72375,3.2286911908407996,24523.719044999998,2.0315606636531003,9494.93213,0.786566286457957,3940.8394,0.32646167133637105,18380.279565,1.5226341845901201,86637.75296499999,7.177127196246939,48572.402369999996,4.02376906263495,Merced,2,543,2013
2,86910.63162999999,3.26316856528433,,,121704.32938,4.56954154449776,,,,,0.667185,2.5050296820967e-05,725662.2084850001,27.2458968866322,8106.075355,0.304352756275809,,,17571.206555,0.659732967175928,,,539347.46131,20.250476247893104,194.81802,0.00731468667172237,20705.196894999997,0.777402561442951,36.47278,0.00136941622621286,,,,,984129.2326950001,36.95036517487701,,,9219.60712,0.346161701670003,,,111154.57776500001,4.17343790106569,33958.604525,1.27501835769252,4680.52517,0.17573618229802399,Modoc,1271,3004,2013
2,4084.728965,0.20531746179906898,,,95037.612115,4.77703207779326,,,,,1056.82104,0.0531207371083561,457750.73581000004,23.0086794052847,36.250384999999994,0.0018221128258969002,0.44478999999999996,2.2357212587692e-05,0.22239499999999998,1.1178606293846e-05,,,85302.048595,4.2876774086738605,520.84909,0.0261802959401873,8942.947740000001,0.44951411628813503,376.069945,0.018903023242893603,1.33437,6.707163776307589e-05,,,1274959.3997,64.08538487773791,,,1.556765,7.825024405692191e-05,,,56346.664385000004,2.8322452264276996,5050.812845,0.253877327539536,1.33437,6.707163776307589e-05,Mono,1283,4323,2013
2,10144.77032,0.49466271552436897,1157.34358,0.056432496746510394,17315.897095,0.844329482932369,1703.10091,0.0830438239978433,978.3156050000001,0.04770302713064941,42.032655,0.0020495276489412902,280396.727975,13.672247129224498,23603.003744999998,1.15089110534279,461.24723,0.0224905838301811,12578.883595000001,0.613350970115176,65368.784745000004,3.1874058803225496,660262.73323,32.1946526413911,9664.84191,0.471261230516881,115803.967635,5.6466438659426705,179450.303105,8.75006248890517,3656.3961950000003,0.17828721733462302,1495.161585,0.072904626369483,613882.25598,29.9331235874932,3661.95607,0.178558318875488,10383.400155,0.506298393658306,695.20677,0.0338985366697908,6848.654025,0.33394287803781497,28255.951935,1.3777705628621,3035.0245649999997,0.147988909127523,Monterey,95,1594,2013
2,44.034209999999995,0.009882705265784879,10.452565,0.00234589468430247,77.83825,0.0174694285001248,1.111975,0.00024956326428749695,,,4925.382065,1.10541552283504,60811.24401,13.6480159720489,45.81337,0.0102820064886449,10.67496,0.0023958073371599694,126.987545,0.0285001247816321,31633.687195,7.099625655103569,75935.215985,17.042325929623196,3321.69172,0.7454953830796109,12791.71561,2.8708759670576502,59329.870915,13.315547791365102,,,1.556765,0.000349388570002496,165580.19414,37.1615672572997,0.667185,0.000149737958572498,7.339035000000001,0.0016471175442974804,23.351475,0.005240828550037429,25695.96309,5.76700773646119,5167.792615,1.15982031444971,25.79782,0.0057898677314699295,Napa,-32,84,2013
2,1.7791599999999999,0.000265257618198795,,,1318.35756,0.196555895085307,,,,,30974.508414999997,4.61803566123419,434671.69468500005,64.80585131779979,4.670294999999999,0.000696301247771836,,,0.8895799999999999,0.000132628809099397,360.057505,0.0536815104829811,54790.56657,8.16880729564553,1162.68106,0.17334585349291198,15124.416765,2.25492185510568,4571.99641,0.6816457643663529,,,,,119326.03725,17.790496880570398,,,,,0.22239499999999998,3.31572022748493e-05,8290.663204999999,1.23606734360411,127.43233500000001,0.0189990769034887,3.11353,0.00046420083184789103,Nevada,256,2784,2013
2,4.4479,0.0014284469496229598,,,986.98901,0.316972378121335,0.22239499999999998,7.142234748114808e-05,3.5583199999999997,0.0011427575596983698,,,3142.2189550000003,1.00912634756114,1.111975,0.00035711173740573995,,,,,,,25015.211994999998,8.03365706702702,49422.84085,15.872188280735502,73948.11666,23.748501916261603,1606.13669,0.515812193508851,,,,,153801.71015,49.393552847537606,,,50.038875,0.0160700281832583,,,1361.50219,0.43724761127958794,2030.688745,0.6521574548503629,5.33748,0.00171413633954755,Orange,-16,1732,2013
2,4397.19394,0.5418256993969,136.99532,0.016880671193025,1893.02624,0.233260183758164,326.253465,0.040201208831441,7.5614300000000005,0.000931725358056574,17454.004390000002,2.15069616326459,486902.494805,59.996508770276,25365.03933,3.12550011728778,374.290785,0.0461204052238004,337.81800499999997,0.0416262005555275,428.33277000000004,0.05277950116520481,95428.36013,11.758757670292,5460.019645,0.672787919577852,25099.722094999997,3.0928075186947996,7721.1096099999995,0.951401205323769,13.78849,0.0016990285941031699,14813.508555,1.8253321874938297,116796.96130999998,14.3918135321599,183.92066499999999,0.0226628491503761,296.67492999999996,0.0365565184602197,1117.7572699999998,0.137730930870363,4821.301205,0.594084530509073,1332.59084,0.16420289251397,842.654655,0.10383257004930499,Placer,174,2787,2013
2,8496.37858,0.524527178646785,,,375.84755,0.0232030921346735,,,,,444.12281500000006,0.0274180917118006,1182922.5633200002,73.02817651704291,15.122860000000001,0.00093361554151349,,,461.69202,0.0285027332967942,6.004665,0.000370700288542121,54696.493485,3.3767089283301797,678.30475,0.0418754029649433,11643.045435,0.718787859483172,84.287705,0.0052035336799060704,,,,,343570.47407,21.210454516996695,,,,,,,9764.91966,0.6028410470113871,6656.72714,0.410955593949732,0.667185,4.1188920949124496e-05,Plumas,978,2543,2013
2,62125.15367000001,1.42860839633841,51.15085,0.00117624713136338,294338.44813000003,6.768504438594119,617.36852,0.0141967914637598,14786.376365,0.340022360969379,350.49452,0.00805984990882039,91126.79604,2.0955200633496003,26366.261619999997,0.6063093691561611,12910.919329999999,0.296895004192042,10505.495009999999,0.241580704310189,8153.0007,0.187483564503398,283957.04953,6.52977741210698,41136.180755,0.9459532853963192,176321.42785,4.05462614416883,6952.512490000001,0.159877555742096,1750.6934399999998,0.04025833660040241,,,3192056.34013,73.403415842126,4.0031099999999995,9.20541233240908e-05,17370.161475,0.399438183457117,,,60121.597115,1.38253530761471,10133.65057,0.233029899076973,37513.14381,0.862639189670054,Riverside,-81,3263,2013
2,41703.732794999996,10.263307830273199,298.89887999999996,0.07355915190238531,1484.26423,0.365278109967648,31933.030864999997,7.85873358944032,1.33437,0.00032838907099279097,1819.413495,0.447758498298671,260.424545,0.0640906003554264,27490.69074,6.76547164059349,6511.0584149999995,1.6023744719093298,7776.26357,1.91374204272232,20486.13782,5.04164794392866,165544.833335,40.7406596570195,19591.66513,4.82151780333983,40463.435880000005,9.9580701887854,1.556765,0.000383120582824923,5.33748,0.00131355628397117,5675.5204,1.3967481819560101,161.236375,0.0396803460782956,2493.04795,0.6135402476381979,3220.946785,0.7926764858647659,1564.548825,0.38503618573904796,5607.91232,1.38010980235904,15812.729290000001,3.89151995428824,6430.106635,1.58245220160243,Sacramento,27,1329,2013
2,2136.993555,0.25540682886998195,241.52097,0.0288658357948591,5606.13316,0.6700276139197121,208.828905,0.024958581778427903,60.713834999999996,0.007256328887657941,16.679625,0.00199349694715878,29965.724694999997,3.5814102954282703,11293.885285,1.34981007290085,200.822685,0.024001703243791698,2899.14122,0.346496349375491,2880.2376449999997,0.344237052835377,364098.199755,43.5158853797731,934.50379,0.111688988959482,29462.8896,3.52131300746126,68504.999035,8.18750460165545,926.94236,0.11078527034343699,45.81337,0.00547547161486277,307049.87914499996,36.6976473812228,3862.1115700000005,0.46158757312479104,682.975045,0.081627054996328,192.371675,0.0229916647905645,668.741765,0.0799259376014192,1282.551965,0.153286625256862,3479.14738,0.415816883218025,San Benito,15,1299,2013
2,2744.3543,0.0220243575830434,3.335925,2.6771909541787e-05,1367545.99652,10.975012241901801,0.667185,5.3543819083574e-06,18.903575,0.00015170748740346,78.72783000000001,0.000631817065186173,226039.16447,1.8140396034359099,396.75268,0.0031840724415032003,47.59253,0.000381945909462828,912.931475,0.00732657924460237,,,108651.96682999999,0.8719682329518801,39496.684815,0.31697405459285,192819.57853,1.54744135863086,11066.3752,0.08881134791995471,30.023325,0.00024094718587608298,,,10491140.524725,84.1948980022373,0.22239499999999998,1.78479396945247e-06,6.67185,5.3543819083574e-05,0.667185,5.3543819083574e-06,13926.152505000002,0.11176201357314401,5107.07878,0.0409860087145064,507.50539000000003,0.00407289983829053,San Bernardino,-3,3493,2013
2,82.063755,0.0023880867477365,,,306248.812355,8.911957907544151,,,0.44478999999999996,1.2943559608327903e-05,10.452565,0.000304173650795705,67964.57918500001,1.97779532349191,54.931565,0.00159852961162849,,,0.8895799999999999,2.5887119216655805e-05,,,331773.531295,9.65473701922766,693659.123195,20.185746552159305,446830.918915,13.0029511315907,28685.39668,0.8347560462602821,,,,,1535933.927535,44.696266430231,,,0.8895799999999999,2.5887119216655805e-05,,,9228.05813,0.26854003119397896,15290.768225,0.444967220435292,616.03415,0.0179268300575341,San Diego,-72,1981,2013
2,,,,,16.012439999999998,0.12198014434317099,,,,,25.575425,0.19482939721478698,858.2223050000001,6.53779690305967,0.667185,0.00508250601429878,,,,,6.67185,0.0508250601429878,159.457215,1.21471893741741,5134.655760000001,39.1149662860434,6257.528115,47.668823908108294,252.418325,1.9228814420763698,,,,,75.83669499999999,0.577711516958628,,,,,,,302.234805,2.30237522447735,37.362359999999995,0.28462033680073195,0.44478999999999996,0.00338833734286586,San Francisco,30,667,2013
2,77503.32312999999,11.317521871447001,50948.692944999995,7.43984804057361,1675.746325,0.244703000055533,64512.78639,9.420562131666781,46.925345,0.006852333511840411,68.720055,0.010034933910704699,47.59253,0.006949760054662789,31123.068275,4.54478584509245,14235.726345,2.07879014420103,43682.8259,6.37884051372367,49479.77397,7.22534726879301,136224.94372,19.8924216114155,17996.870585,2.6280160416050298,30743.440010000002,4.48935014222651,6165.67898,0.9003511577358461,75.39190500000001,0.011009199338928402,3994.436595,0.583292711877562,17001.208169999998,2.48262316419977,31591.20975,4.61314680263948,10986.313,1.6042904051417801,59036.531910000005,8.62088506818072,7261.419145,1.06035801656446,7795.167145,1.13829925082236,22610.454859999998,3.3017205852217604,San Joaquin,6,1889,2013
2,5713.7723399999995,0.301748300904082,308.017075,0.0162665964795327,64196.763095,3.3902758168797003,66.940895,0.00353519533598508,420.99373499999996,0.0222329726611952,3.335925,0.00017617252504909,81220.43316,4.28930770187522,27770.686045,1.46658929169367,32.247275,0.00170300107547454,18922.25618,0.9992975414184541,32755.22518,1.7298262786220198,846946.8785,44.7278551429634,3228.73061,0.170511514577513,73194.6424,3.8654600962771104,180279.391665,9.52068036419794,10131.204225,0.5350359585740879,1.33437,7.04690100196362e-05,528091.60557,27.8888858743812,296.23014,0.0156441202243592,6445.0071,0.340365318394843,98.965775,0.0052264515764563505,6330.69607,0.334328473203161,5571.88433,0.29425509617199397,1528.520835,0.0807222509774932,San Luis Obispo,56,1538,2013
2,34.916015,0.008542093204574431,,,137.217715,0.033569882211607796,0.667185,0.000163224710915435,,,42.032655,0.010283156787672401,72976.028115,17.8533556552194,10.007775,0.0024483706637315195,,,,,320.69359,0.0784566777133524,35081.03209,8.58246411640751,109634.50794000001,26.8217373964679,105453.03715,25.798753724923895,59944.12590499999,14.665141785145098,,,267.31879,0.0653987008401176,13111.07483,3.2075832024361803,,,2.891135,0.000707307080633551,,,6654.0584,1.6278944501966,5081.503355,1.24317380656892,1.33437,0.00032644942183087,San Mateo,-11,1317,2013
2,1248.97032,0.0735653479964512,390.52562,0.0230022704917678,17167.55963,1.0111829546364,139.66406,0.00822632452666868,452.35143,0.0266438600115352,0.667185,3.92977286305829e-05,187922.44063,11.068781635490199,6825.30255,0.40201576389086296,75.6143,0.004453742578132729,3196.2609399999997,0.18826231862624604,23128.19042,1.36226886222203,369654.961225,21.7729720439888,5568.32601,0.327978843150845,69507.3333,4.09403736873412,175646.01423499998,10.345690329444599,23189.12665,1.36585805477029,6.67185,0.00039297728630582895,788441.42585,46.439828824333794,896.919035,0.0528292465223802,13834.970555000002,0.814890800126643,16.45723,0.000969343972887711,3995.99336,0.23536719601143802,5701.763010000001,0.33583838887696105,762.37006,0.0449042045818794,Santa Barbara,14,2693,2013
2,1485.5986,0.216862697992721,130.101075,0.0189917183122368,145.668725,0.0212642316145558,350.716915,0.0511964782536709,15.122860000000001,0.00220758435082411,4.89269,0.000714218466443095,54529.91963,7.96009466641128,4841.53915,0.7067516370211899,47.814925,0.006979862285693879,1040.36381,0.15186881754640003,1949.95936,0.284648523353321,151593.994985,22.1291826418941,31309.21289,4.57041382467235,58449.8539,8.53231351593519,213825.898255,31.2135870323898,528.41052,0.0771355943758542,27.13219,0.00396066604118443,146615.23812,21.4024004233368,2791.50204,0.40749409958153293,294.45097999999996,0.04298296588957529,113.86623999999999,0.0166218115826757,11295.664445,1.64890318768687,2935.3916050000003,0.428498615390109,718.7806400000001,0.10492518561564,Santa Clara,-22,1316,2013
2,391.63759500000003,0.162896731242594,24.685845,0.010267766705240199,144.11196,0.0599415569819426,22.017104999999997,0.00915773787224123,2.891135,0.0012025312357488499,15.56765,0.0064751681924938,133306.23174000002,55.4470502371299,452.35143,0.18814988719332001,8.45101,0.00351509130449663,113.86623999999999,0.0473612302079547,482.15236,0.20054520916180799,26250.61622,10.9186136109885,3377.5128649999997,1.4048339905629,25350.361259999998,10.5441638846569,36207.24037,15.059946182102099,26.6874,0.0111002883299894,71.1664,0.029600768879971703,9203.59468,3.8281194354023302,96.96422,0.0403310475989614,2100.965565,0.873870198778413,47.370135,0.0197030117857311,625.81953,0.260301761338251,2075.83493,0.863417427267673,22.68429,0.00943524508049097,Santa Cruz,16,1153,2013
2,18999.20485,0.7951746312578929,9.78538,0.00040954797817332697,23576.761135,0.986759313865656,34.916015,0.0014613416493911902,,,47378.808405,1.9829475391378901,1351178.6141,56.55094330068861,5039.4707,0.210917208759263,206.16016499999998,0.0086284312674244,658.511595,0.0275607173493459,28.91135,0.0012100281173302802,258161.45348000003,10.8048436867062,5325.470670000001,0.22288717921223802,53572.064365,2.24215417768723,35879.87493,1.50168212524126,2.66874,0.00011169490313818001,85.177285,0.0035649289918269103,538689.839295,22.545811664522102,,,3519.1784799999996,0.14728834560488,279.105725,0.0116814252865347,39055.453135,1.6345897520671,5623.03518,0.235341160912145,2007.7820600000002,0.0840317987942907,Shasta,111,3159,2013
2,2508.17081,0.410177553271619,,,296.007745,0.0484080797485835,,,,,887.5784449999999,0.145151499832154,388708.20806,63.5679918939198,3.11353,0.0005091758951766861,,,10.007775,0.0016366368059250597,4.225505,0.0006910244291683591,27435.536780000002,4.4867125094697595,139.441665,0.0228038061625559,5945.06314,0.9722350021330829,709.662445,0.116055734393486,,,,,179728.741645,29.392214918781,,,,,,,4386.741375,0.7173924665971521,721.671775,0.118019698560596,,,Sierra,658,2687,2013
2,110762.94017,2.7582553242841,,,68599.9617,1.70829890678506,,,,,8916.70513,0.22204673659028798,2536799.9407450003,63.17223010209201,23696.409645,0.590095820582427,,,38308.650725,0.953974674798227,,,294729.196145,7.339443799895649,1537.416635,0.038285256897507405,83097.00217,2.06930899735658,13191.359425,0.328495589885094,,,,,778448.106525,19.385171892385504,0.44478999999999996,1.10763075068733e-05,6725.2248,0.167473769503924,,,34052.455214999994,0.847985488264957,12083.832325,0.300915584192979,4738.79266,0.118006980178228,Siskiyou,490,4294,2013
2,44263.054455,9.04144238601152,4689.865760000001,0.957980681389199,543.310985,0.110980026775124,11707.76238,2.39149919343006,17.124415,0.0034979378066658,462.5816,0.0944897485436995,2167.46167,0.4427389852437001,24657.600835,5.03671244725269,1392.8598849999998,0.284514084196726,23987.747095,4.89988402291922,5100.629325,1.04188576098546,181641.11625,37.103126020705105,10769.700270000001,2.19988488604673,25721.538515,5.2540388689032,15320.346759999999,3.12942778734537,17.569205,0.0035887933341116605,439.00773,0.0896744055890686,14834.413685,3.03016812361076,10232.171554999999,2.0900859811284,1184.92056,0.242039125115784,7690.8638900000005,1.5709829250664502,19045.240615,3.89029740194076,63444.8456,12.959632434878202,20225.713275,4.13142797178209,Solano,-22,118,2013
2,8.228615,0.0009033311189513741,0.44478999999999996,4.8828709132506704e-05,814.632885,0.08942978077618609,0.22239499999999998,2.44143545662534e-05,,,14107.849219999998,1.54874899626485,295066.12457,32.392135550449694,208.16172,0.022851835874013102,2.0015549999999998,0.00021972919109628002,9760.249365000001,1.07147277884916,54371.1296,5.96882140435762,234483.50261999998,25.741421223056598,11137.5416,1.22267087667797,49862.29337,5.4738447798814,75746.84742,8.31543150784763,,,,,152226.48636500002,16.711308313991104,,,,,1.7791599999999999,0.00019531483653002703,5774.930965,0.633967545021901,7346.59643,0.8065037887416129,,,Sonoma,-24,1438,2013
2,63563.60453,7.69060422639621,132624.59106500002,16.046340482267098,3281.66062,0.39705037529548004,7416.650855,0.897345687566344,1846.3232899999998,0.22338792462070198,281.55207,0.0340651785798372,316.023295,0.03823587579932759,9083.723775,1.0990459866456999,3952.8487299999997,0.478257886317557,41236.03611,4.989176368022321,6687.41765,0.8091152605811259,302340.22023000004,36.580351172705896,8676.51853,1.0497779440077202,29380.825845,3.5548063249296,47413.946814999996,5.73664603292698,505.503835,0.0611612566445261,744.13367,0.09003324449299789,98533.661515,11.9216554708112,14646.712305000001,1.7721157946994501,3574.5548350000004,0.43248784779915006,22980.297745,2.78040202830423,3928.8300700000004,0.475351852125912,13105.959745,1.58569908285023,10388.292845,1.25688669561041,Stanislaus,-2,1026,2013
2,10879.785795,3.04991483854235,6353.82515,1.7811587444483004,358.723135,0.10056034493507501,11224.27565,3.14648518839011,779.9392650000001,0.218639262050409,1204.9361099999999,0.337778021610811,578.67179,0.162218237768795,54352.00362999999,15.2364196776583,17312.11638,4.85308089964414,16073.598625,4.50588898337419,1568.107145,0.43958524001067295,32431.640455,9.09151552482151,1767.5954600000002,0.495507514906372,12777.259935,3.5818310586205095,9.562985000000001,0.00268077794929215,143.22238000000002,0.040149325566142896,117343.60822000001,32.894766373318895,2310.461655,0.647688421283631,10831.970870000001,3.03651094879589,5117.086555,1.43446557756426,28394.281625,7.95972848083431,760.5909,0.21321536247858502,14336.248884999999,4.01886020802837,9814.73614,2.7513509873991002,Sutter,234,1652,2013
2,13125.975295,0.706792106767629,7254.747295,0.390645114702679,4399.862679999999,0.236918639811097,999.4431300000001,0.0538168402401472,1.111975,5.98763242547254e-05,19815.3945,1.06699609821921,434959.918605,23.4212110202135,4938.725765,0.26593470654493695,19971.960580000003,1.07542668467427,3957.963815,0.21312378855226896,220.17105,0.011855512202435602,785652.59255,42.3048983862852,1679.52704,0.0904372001543372,44401.828935000005,2.39089755328574,17371.495844999998,0.935399912772171,1536.74945,0.08274908012003049,307.127495,0.016537840759155098,456356.31916,24.573339276258103,10.007775,0.000538886918292528,96.07464,0.00517331441560827,21945.04902,1.18167123443186,3223.615525,0.173581464014449,14181.906755000002,0.763650664279917,712.10879,0.0383447980527261,Tehama,50,2444,2013
2,30.023325,0.0014748745291463098,,,9701.314690000001,0.47657019785496396,,,,,25655.4872,1.2603075976468001,1422226.25517,69.86585524532572,12.89891,0.000633649797707302,,,13.3437,0.000655499790731692,16.012439999999998,0.0007865997488780298,52670.030245,2.58737784897962,161.01398,0.007909697474829079,51122.82823,2.51137264824428,20830.85007,1.02330072331124,,,,,436073.89516,21.421820561083802,,,,,,,17059.92045,0.8380564824504679,68.720055,0.0033758239222682106,10.23017,0.000502549839560964,Trinity,114,2450,2013
2,81679.90122999999,2.71191621926357,67159.50928500001,2.22981369670021,157877.988105,5.2418265712764605,27237.160439999996,0.9043215779109011,18855.760075,0.62604436102273,25224.263294999997,0.8374898563609021,893418.5377,29.663065044078195,98149.14056,3.25872389881983,130917.042255,4.346675803018099,132328.13853,4.3935266784169205,58962.474375,1.95765773681844,507056.374495,16.8351624495956,6970.74888,0.231441109298773,43950.14469,1.45922201703171,376.069945,0.0124861828683073,38178.327255000004,1.26758753803634,2.22395,7.38390471218647e-05,629181.920005,20.8899451154363,669.631345,0.022232937088393502,3832.977825,0.12726159771453402,44707.399665,1.48436421257671,7461.79704,0.24774477090328,3252.3044800000002,0.107982222511015,34438.977725,1.14343456420564,Tulare,149,4409,2013
2,7.339035000000001,0.000521429735052071,2.22395,0.00015800901062184,123188.59361,8.75240351456282,0.22239499999999998,1.5800901062184e-05,,,16163.890994999998,1.14842529010059,680868.07477,48.3748694253039,16.679625,0.0011850675796638,1.111975,7.90045053109199e-05,4.4479,0.000316018021243679,174.135285,0.0123721055316901,137406.75075,9.76258672127037,459.46807,0.0326446615944721,10980.08594,0.780122087242147,283.77602,0.020161949755346697,0.8895799999999999,6.32036042487359e-05,,,409024.88089000003,29.0607328173496,0.8895799999999999,6.32036042487359e-05,,,2.22395,0.00015800901062184,27607.003325,1.96144485335421,1288.55663,0.0915504207542939,1.7791599999999999,0.000126407208497472,Tuolumne,374,3959,2013
2,266.874,0.0246618196600327,168.353015,0.015557497902203999,14756.797830000001,1.36367531810151,4.670294999999999,0.00043158184405057195,18.903575,0.00174687889258565,109.41833999999999,0.0101113460606134,138549.41626,12.803348088637001,190.592515,0.01761264954054,347.82578,0.032142571623576,188.14616999999998,0.0173865828603231,277.99375,0.025689395479200697,184721.95418499998,17.070151162568497,12003.99252,1.10928864830827,68242.12814500001,6.306253353750579,65941.00708,6.09360681373195,574.66868,0.053105118334603796,0.22239499999999998,2.05515163833606e-05,577453.732585,53.362484974272604,233.95954,0.0216201952352953,3214.49733,0.297051617805094,3.335925,0.000308272745750409,5264.97923,0.4865365988596789,9420.429805,0.870541682482771,180.362345,0.016667279786905402,Ventura,34,2332,2013
2,53364.56983,8.91929796128952,16551.08069,2.76633018359806,914.7106349999999,0.152883771534477,16909.359034999998,2.82621244859734,41.143075,0.00687661019544813,79.839805,0.013344340865761499,5194.924805,0.86827425705661,71894.07644,12.0163001681238,4848.210999999999,0.8103248770852391,40963.602235000006,6.84661330664961,17771.13966,2.97024955404254,124474.703895,20.804570827040603,4716.10837,0.7882453827279621,15560.088569999998,2.60069680505256,14025.563069999998,2.34421783019531,324.25191,0.0541951225133155,35403.06005,5.917230146018309,75952.118005,12.6945569585905,35696.843844999996,5.966332859900401,5996.65878,1.0022752287030499,13556.532015,2.2658244739672,3820.968495,0.638632647394564,7750.46575,1.29540467735874,32494.57824,5.43110956149901,Yolo,-26,346,2013
2,4847.32142,1.2371986045471401,2017.345045,0.51489395035085,3893.9140549999997,0.9938571465872591,1097.964115,0.280237177034742,7.116639999999999,0.0018164046313777105,22585.10183,5.764473622966619,127364.28212999999,32.507626061319606,33965.276375,8.66907491647377,10052.254,2.56567154182101,1661.73544,0.424130481426695,409.65159,0.104556791593679,91785.53003,23.426738157325598,1513.842765,0.38638332268087705,15969.517765,4.07595523016685,780.828845,0.199293645648973,356.054395,0.09087699421361599,38670.264995,9.869945428393361,8207.26508,2.0947686411363398,459.02328,0.11715809872386199,390.08083,0.0995616788573907,14236.171134999999,3.63354717713691,7903.695905,2.0172876310791397,2948.06812,0.752445618548216,675.858405,0.17250167733615202,Yuba,199,2541,2013
